{
  "project_info": {
    "project_number": "1068510385429",
    "firebase_url": "https://goforlunch-247bd.firebaseio.com",
    "project_id": "goforlunch-247bd",
    "storage_bucket": "goforlunch-247bd.appspot.com"
  },
  "client": [
    {
      "client_info": {
        "mobilesdk_app_id": "1:1068510385429:android:0e9ae6478d2f2abb59c51c",
        "android_client_info": {
          "package_name": "com.example.goforlunch"
        }
      },
      "oauth_client": [
        {
          "client_id": "1068510385429-t23tgllgifp7o4dv960hvd2ahlndrkuc.apps.googleusercontent.com",
          "client_type": 1,
          "android_info": {
            "package_name": "com.example.goforlunch",
            "certificate_hash": "fa4056e1c95639f275722f0d37351b324ff2cc69"
          }
        },
        {
          "client_id": "1068510385429-km89v4el0it3kubiq2nhrjtjq9908gn1.apps.googleusercontent.com",
          "client_type": 3
        }
      ],
      "api_key": [
        {
          "current_key": "AIzaSyAqVJM3_JLCAaZQPWAdqtydXvJ_WK9JRjA"
        }
      ],
      "services": {
        "appinvite_service": {
          "other_platform_oauth_client": [
            {
              "client_id": "1068510385429-km89v4el0it3kubiq2nhrjtjq9908gn1.apps.googleusercontent.com",
              "client_type": 3
            }
          ]
        }
      }
    }
  ],
  "configuration_version": "1"
}